grid_id,business_type,count
"(41.788, 41.971]_(-70.301, -69.988]",lessors_of_real_estate,1
"(41.971, 42.153]_(-71.555, -71.24]","executive,_legislative,_and_other_general_government_support",1
"(41.971, 42.153]_(-71.555, -71.24]",lessors_of_real_estate,1
"(42.153, 42.335]_(-71.24, -70.927]",elementary_school,1
"(42.153, 42.335]_(-71.24, -70.927]",higher_education,1
"(42.153, 42.335]_(-71.24, -70.927]",service,1
"(42.335, 42.517]_(-71.24, -70.927]",lessors_of_real_estate,5409
"(42.335, 42.517]_(-71.24, -70.927]",offices_of_physicians,2128
"(42.335, 42.517]_(-71.24, -70.927]",service,1322
"(42.335, 42.517]_(-71.24, -70.927]",offices_of_other_health_practitioners,1019
"(42.335, 42.517]_(-71.24, -70.927]",restaurant,1015
"(42.335, 42.517]_(-71.24, -70.927]",gasoline_stations,322
"(42.335, 42.517]_(-71.24, -70.927]",other_amusement_and_recreation_industries,292
"(42.335, 42.517]_(-71.24, -70.927]",urban_transit_systems,287
"(42.335, 42.517]_(-71.24, -70.927]",offices_of_dentists,249
"(42.335, 42.517]_(-71.24, -70.927]",offices_of_real_estate_agents_and_brokers,247
"(42.335, 42.517]_(-71.24, -70.927]",education,188
"(42.335, 42.517]_(-71.24, -70.927]","museums,_historical_sites,_and_similar_institutions",174
"(42.335, 42.517]_(-71.24, -70.927]",depository_credit_intermediation,159
"(42.335, 42.517]_(-71.24, -70.927]",religious_organizations,145
"(42.335, 42.517]_(-71.24, -70.927]",management_of_companies_and_enterprises,105
"(42.335, 42.517]_(-71.24, -70.927]",software_publishers,92
"(42.335, 42.517]_(-71.24, -70.927]",clothing_stores,86
"(42.335, 42.517]_(-71.24, -70.927]",accommodation,84
"(42.335, 42.517]_(-71.24, -70.927]",grocery_stores,82
"(42.335, 42.517]_(-71.24, -70.927]",elementary_school,81
"(42.335, 42.517]_(-71.24, -70.927]",activities_related_to_credit_intermediation,77
"(42.335, 42.517]_(-71.24, -70.927]",civic_and_social_organizations,77
"(42.335, 42.517]_(-71.24, -70.927]",drinking_places_(alcoholic_beverages),77
"(42.335, 42.517]_(-71.24, -70.927]",electronics_and_appliance_stores,75
"(42.335, 42.517]_(-71.24, -70.927]",other_miscellaneous_manufacturing,73
"(42.335, 42.517]_(-71.24, -70.927]",printing_and_related_support_activities,71
"(42.335, 42.517]_(-71.24, -70.927]",activities_related_to_real_estate,67
"(42.335, 42.517]_(-71.24, -70.927]",retail,59
"(42.335, 42.517]_(-71.24, -70.927]","sporting_goods,_hobby,_and_musical_instrument_stores",50
"(42.335, 42.517]_(-71.24, -70.927]",book_stores_and_news_dealers,48
"(42.335, 42.517]_(-71.24, -70.927]",automotive_repair_and_maintenance,45
"(42.335, 42.517]_(-71.24, -70.927]",health_and_personal_care_stores,45
"(42.335, 42.517]_(-71.24, -70.927]",other_financial_investment_activities,44
"(42.335, 42.517]_(-71.24, -70.927]",social_advocacy_organizations,43
"(42.335, 42.517]_(-71.24, -70.927]",higher_education,42
"(42.335, 42.517]_(-71.24, -70.927]",building_equipment_contractors,40
"(42.335, 42.517]_(-71.24, -70.927]","jewelry,_luggage,_and_leather_goods_stores",40
"(42.335, 42.517]_(-71.24, -70.927]",residential_building_construction,40
"(42.335, 42.517]_(-71.24, -70.927]","agencies,_brokerages,_and_other_insurance_related_activities",39
"(42.335, 42.517]_(-71.24, -70.927]",transportation,39
"(42.335, 42.517]_(-71.24, -70.927]",performing_arts_companies,38
"(42.335, 42.517]_(-71.24, -70.927]",home_furnishings_stores,35
"(42.335, 42.517]_(-71.24, -70.927]","office_supplies,_stationery,_and_gift_stores",35
"(42.335, 42.517]_(-71.24, -70.927]","executive,_legislative,_and_other_general_government_support",33
"(42.335, 42.517]_(-71.24, -70.927]","foundation,_structure,_and_building_exterior_contractors",33
"(42.335, 42.517]_(-71.24, -70.927]","justice,_public_order,_and_safety_activities",31
"(42.335, 42.517]_(-71.24, -70.927]",building_finishing_contractors,29
"(42.335, 42.517]_(-71.24, -70.927]",furniture_stores,29
"(42.335, 42.517]_(-71.24, -70.927]","beer,_wine,_and_liquor_stores",25
"(42.335, 42.517]_(-71.24, -70.927]",motion_picture_and_video_industries,25
"(42.335, 42.517]_(-71.24, -70.927]",pharmaceutical_and_medicine_manufacturing,23
"(42.335, 42.517]_(-71.24, -70.927]",general_medical_and_surgical_hospitals,22
"(42.335, 42.517]_(-71.24, -70.927]",used_merchandise_stores,22
"(42.335, 42.517]_(-71.24, -70.927]",wired_and_wireless_telecommunications_carriers,22
"(42.335, 42.517]_(-71.24, -70.927]","promoters_of_performing_arts,_sports,_and_similar_events",21
"(42.335, 42.517]_(-71.24, -70.927]",automotive_equipment_rental_and_leasing,20
"(42.335, 42.517]_(-71.24, -70.927]",personal_and_household_goods_repair_and_maintenance,20
"(42.335, 42.517]_(-71.24, -70.927]",florists,19
"(42.335, 42.517]_(-71.24, -70.927]","newspaper,_periodical,_book,_and_directory_publishers",19
"(42.335, 42.517]_(-71.24, -70.927]",outpatient_care_centers,19
"(42.335, 42.517]_(-71.24, -70.927]",specialized_freight_trucking,19
"(42.335, 42.517]_(-71.24, -70.927]",medical_and_diagnostic_laboratories,18
"(42.335, 42.517]_(-71.24, -70.927]",shoe_stores,17
"(42.335, 42.517]_(-71.24, -70.927]",building_material_and_supplies_dealers,16
"(42.335, 42.517]_(-71.24, -70.927]",specialty_(except_psychiatric_and_substance_abuse)_hospitals,14
"(42.335, 42.517]_(-71.24, -70.927]","religious,_grantmaking,_civic,_professional,_and_similar_organizations",13
"(42.335, 42.517]_(-71.24, -70.927]",sound_recording_industries,13
"(42.335, 42.517]_(-71.24, -70.927]",electronic_and_precision_equipment_repair_and_maintenance,12
"(42.335, 42.517]_(-71.24, -70.927]",continuing_care_retirement_communities_and_assisted_living_facilities_for_the_elderly,11
"(42.335, 42.517]_(-71.24, -70.927]",drugs_and_druggists'_sundries_merchant_wholesalers,10
"(42.335, 42.517]_(-71.24, -70.927]",public_administration,10
"(42.335, 42.517]_(-71.24, -70.927]",wholesale_electronic_markets_and_agents_and_brokers,10
"(42.335, 42.517]_(-71.24, -70.927]",amusement_parks_and_arcades,9
"(42.335, 42.517]_(-71.24, -70.927]",automobile_dealers,9
"(42.335, 42.517]_(-71.24, -70.927]",nursing_care_facilities_(skilled_nursing_facilities),9
"(42.335, 42.517]_(-71.24, -70.927]",radio_and_television_broadcasting,9
"(42.335, 42.517]_(-71.24, -70.927]",nonresidential_building_construction,8
"(42.335, 42.517]_(-71.24, -70.927]",other_specialty_trade_contractors,8
"(42.335, 42.517]_(-71.24, -70.927]",administration_of_economic_programs,7
"(42.335, 42.517]_(-71.24, -70.927]",consumer_goods_rental,7
"(42.335, 42.517]_(-71.24, -70.927]",department_stores,7
"(42.335, 42.517]_(-71.24, -70.927]",healthcare,6
"(42.335, 42.517]_(-71.24, -70.927]",spectator_sports,6
"(42.335, 42.517]_(-71.24, -70.927]",waste_treatment_and_disposal,6
"(42.335, 42.517]_(-71.24, -70.927]","automotive_parts,_accessories,_and_tire_stores",5
"(42.335, 42.517]_(-71.24, -70.927]",beverage_manufacturing,5
"(42.335, 42.517]_(-71.24, -70.927]","general_merchandise_stores,_including_warehouse_clubs_and_supercenters",5
"(42.335, 42.517]_(-71.24, -70.927]",administration_of_human_resource_programs,4
"(42.335, 42.517]_(-71.24, -70.927]","arts,_entertainment,_and_recreation",4
"(42.335, 42.517]_(-71.24, -70.927]","business,_professional,_labor,_political,_and_similar_organizations",4
"(42.335, 42.517]_(-71.24, -70.927]",other_motor_vehicle_dealers,4
"(42.335, 42.517]_(-71.24, -70.927]",real_estate,4
"(42.335, 42.517]_(-71.24, -70.927]",clothing_and_clothing_accessories_stores,3
"(42.335, 42.517]_(-71.24, -70.927]",lawn_and_garden_equipment_and_supplies_stores,3
"(42.335, 42.517]_(-71.24, -70.927]",metalworking_machinery_manufacturing,3
"(42.335, 42.517]_(-71.24, -70.927]",vending_machine_operators,3
"(42.335, 42.517]_(-71.24, -70.927]",warehousing_and_storage,3
"(42.335, 42.517]_(-71.24, -70.927]","amusement,_gambling,_and_recreation_industries",2
"(42.335, 42.517]_(-71.24, -70.927]",bakeries_and_tortilla_manufacturing,2
"(42.335, 42.517]_(-71.24, -70.927]","electric_power_generation,_transmission_and_distribution",2
"(42.335, 42.517]_(-71.24, -70.927]","independent_artists,_writers,_and_performers",2
"(42.335, 42.517]_(-71.24, -70.927]",nondepository_credit_intermediation,2
"(42.335, 42.517]_(-71.24, -70.927]",nursing_and_residential_care_facilities,2
"(42.335, 42.517]_(-71.24, -70.927]",other_general_purpose_machinery_manufacturing,2
"(42.335, 42.517]_(-71.24, -70.927]","residential_intellectual_and_developmental_disability,_mental_health,_and_substance_abuse_facilities",2
"(42.335, 42.517]_(-71.24, -70.927]",rv_(recreational_vehicle)_parks_and_recreational_camps,2
"(42.335, 42.517]_(-71.24, -70.927]",waste_collection,2
"(42.335, 42.517]_(-71.24, -70.927]","agriculture,_forestry,_fishing_and_hunting",1
"(42.335, 42.517]_(-71.24, -70.927]","apparel,_piece_goods,_and_notions_merchant_wholesalers",1
"(42.335, 42.517]_(-71.24, -70.927]",basic_chemical_manufacturing,1
"(42.335, 42.517]_(-71.24, -70.927]",cable_and_other_subscription_programming,1
"(42.335, 42.517]_(-71.24, -70.927]","coating,_engraving,_heat_treating,_and_allied_activities",1
"(42.335, 42.517]_(-71.24, -70.927]",converted_paper_product_manufacturing,1
"(42.335, 42.517]_(-71.24, -70.927]",cut_and_sew_apparel_manufacturing,1
"(42.335, 42.517]_(-71.24, -70.927]",direct_selling_establishments,1
"(42.335, 42.517]_(-71.24, -70.927]",glass_and_glass_product_manufacturing,1
"(42.335, 42.517]_(-71.24, -70.927]","greenhouse,_nursery,_and_floriculture_production",1
"(42.335, 42.517]_(-71.24, -70.927]","hardware,_and_plumbing_and_heating_equipment_and_supplies_merchant_wholesalers",1
"(42.335, 42.517]_(-71.24, -70.927]",insurance_carriers,1
"(42.335, 42.517]_(-71.24, -70.927]","machinery,_equipment,_and_supplies_merchant_wholesalers",1
"(42.335, 42.517]_(-71.24, -70.927]",miscellaneous_durable_goods_merchant_wholesalers,1
"(42.335, 42.517]_(-71.24, -70.927]",motor_vehicle_and_motor_vehicle_parts_and_supplies_merchant_wholesalers,1
"(42.335, 42.517]_(-71.24, -70.927]",national_security_and_international_affairs,1
"(42.335, 42.517]_(-71.24, -70.927]",psychiatric_and_substance_abuse_hospitals,1
"(42.335, 42.517]_(-71.24, -70.927]",securities_and_commodity_contracts_intermediation_and_brokerage,1
"(42.335, 42.517]_(-71.24, -70.927]",semiconductor_and_other_electronic_component_manufacturing,1
"(42.335, 42.517]_(-71.24, -70.927]",support_activities_for_agriculture_and_forestry,1
"(42.335, 42.517]_(-71.24, -70.927]",support_activities_for_forestry,1
"(42.335, 42.517]_(-71.24, -70.927]",utilities,1
"(42.335, 42.517]_(-71.555, -71.24]",offices_of_real_estate_agents_and_brokers,1
"(42.517, 42.7]_(-71.555, -71.24]",service,1
