business_type,spend_weekday_morning,spend_weekday_lunch,spend_weekday_afternoon,spend_weekday_evening,spend_weekday_night,spend_weekend_day,spend_weekend_evening
accommodation,,,,,,,
administration_of_economic_programs,,,,,,,
automobile_dealers,,,,,,,
automotive_equipment_rental_and_leasing,,,,,,,
automotive_repair_and_maintenance,,,,,,,
"beer,_wine,_and_liquor_stores",,,,,,,
beverage_manufacturing,,,,,,,
book_stores_and_news_dealers,,,,,,,
building_material_and_supplies_dealers,,,,,,,
clothing_stores,,,,,,,
consumer_goods_rental,,,,,,,
converted_paper_product_manufacturing,,,,,,,
department_stores,,,,,,,
depository_credit_intermediation,,,,,,,
drinking_places_(alcoholic_beverages),,,,,,,
education,,,,,,,
electronic_and_precision_equipment_repair_and_maintenance,,,,,,,
electronics_and_appliance_stores,,,,,,,
florists,,,,,,,
furniture_stores,,,,,,,
gasoline_stations,,,,,,,
"general_merchandise_stores,_including_warehouse_clubs_and_supercenters",,,,,,,
grocery_stores,,,,,,,
health_and_personal_care_stores,,,,,,,
higher_education,,,,,,,
home_furnishings_stores,,,,,,,
"jewelry,_luggage,_and_leather_goods_stores",,,,,,,
lessors_of_real_estate,,,,,,,
"machinery,_equipment,_and_supplies_merchant_wholesalers",,,,,,,
motion_picture_and_video_industries,,,,,,,
"museums,_historical_sites,_and_similar_institutions",,,,,,,
"office_supplies,_stationery,_and_gift_stores",,,,,,,
offices_of_dentists,,,,,,,
offices_of_other_health_practitioners,,,,,,,
offices_of_physicians,,,,,,,
offices_of_real_estate_agents_and_brokers,,,,,,,
other_amusement_and_recreation_industries,,,,,,,
other_financial_investment_activities,,,,,,,
other_miscellaneous_manufacturing,,,,,,,
printing_and_related_support_activities,,,,,,,
public_administration,,,,,,,
restaurant,,,,,,,
retail,,,,,,,
service,,,,,,,
shoe_stores,,,,,,,
social_advocacy_organizations,,,,,,,
"sporting_goods,_hobby,_and_musical_instrument_stores",,,,,,,
transportation,,,,,,,
used_merchandise_stores,,,,,,,
warehousing_and_storage,,,,,,,
waste_treatment_and_disposal,,,,,,,
wired_and_wireless_telecommunications_carriers,,,,,,,
