method,query,lines_of_code,characters,functions,f1_score
fine_tuned_rag,Find commercial parcels within 500 meters of Harvard Square.,37,1122,0,0.4449760765550239
fine_tuned_rag,Find parcels larger than 6000 square feet that are zoned for retail use.,116,7467,0,0.06099397590361446
fine_tuned_rag,Find all parcels that have no more than 2 competing restaurants within 800 meters.,41,1386,1,1.0
fine_tuned_rag,Find the top 20 commercial parcels in areas with the highest percentage of residents with advanced degrees.,51,1755,0,0.0
fine_tuned_rag,Find commercial parcels zoned for retail use with fewer than 3 competing retail businesses within 300 meters.,41,1664,1,0.48484848484848486
fine_tuned_rag,"find commercial parcels that are between 5000-10000 square feet, within 500 meters of a subway station, and have no more than 1 competitor within 500 meters.",84,3162,1,0.5904761904761905
fine_tuned_rag,"find parcels that are zoned for mixed-use, within 400 meters of public transportation, and at least 200 meters away from industrial areas.",60,2839,0,0.0
fine_tuned_rag,find parcels that are zoned for retail and within 300m of a subway station and not within 100m of a competitor.,80,3301,0,0.11764705882352941
fine_tuned_rag,Find parcels between 1000-10000 square feet within 800 meters of Kendall/MIT station in census tracts where at least 5% of residents have advanced degrees.,32,1174,0,0.0
